{"X": [1, 2, 3, 4, 5, 6, 7, 8, 9, 10, 11, 12, 13, 14, 15, 16, 17], "Y": [100, 99.95183338353054, 98.21146529674957, 98.5001405789203, 97.4306078825007, 98.10013701425677, 98.24307880418935, 96.3884272517863, 96.42520044385769, 96.47972501124487, 97.14316575119675, 95.7718124242976, 96.16894174892042, 94.6040754448798, 95.26940766048946, 95.43751336648344, 94.18979539492598], "open": [100, 100, 99.95183338353054, 98.21146529674957, 98.5001405789203, 97.4306078825007, 98.10013701425677, 98.24307880418935, 96.3884272517863, 96.42520044385769, 96.47972501124487, 97.14316575119675, 95.7718124242976, 96.16894174892042, 94.6040754448798, 95.26940766048946, 95.43751336648344], "high": [100, 102.35729113307626, 104.37252620854137, 101.52537709778665, 98.93870400039654, 102.97256526385561, 102.21128072431549, 101.94937822354711, 96.55194206303854, 100.60510557189352, 101.54879790396338, 99.33577468868172, 97.89126676515079, 99.25423197613655, 96.00693377397148, 95.58282234452717, 95.67590560707708], "low": [100, 96.94823212872318, 97.93609102394322, 95.95938017522805, 95.61333903727389, 95.10687131003034, 94.98637858660321, 93.55268367075163, 94.555496169977, 95.09268745992776, 96.07884371013024, 91.13751491027963, 94.28403567785932, 92.30907642303337, 94.24035694505638, 91.61857304341369, 93.76904637564037], "close": [100, 99.95183338353054, 98.21146529674957, 98.5001405789203, 97.4306078825007, 98.10013701425677, 98.24307880418935, 96.3884272517863, 96.42520044385769, 96.47972501124487, 97.14316575119675, 95.7718124242976, 96.16894174892042, 94.6040754448798, 95.26940766048946, 95.43751336648344, 94.18979539492598]}