{"X": [1, 2, 3, 4, 5, 6, 7, 8, 9, 10, 11, 12], "Y": [100, 104.76035151196669, 107.25648685680149, 110.51579343775444, 112.50009676462776, 118.02371852951718, 114.50970338933838, 113.14287349478826, 112.41682822030556, 112.22480688535512, 116.56296362306637, 120.07700621204344], "open": [100, 100, 104.76035151196669, 107.25648685680149, 110.51579343775444, 112.50009676462776, 118.02371852951718, 114.50970338933838, 113.14287349478826, 112.41682822030556, 112.22480688535512, 116.56296362306637], "high": [100, 106.6925977952968, 107.56469533439004, 113.97811005959262, 115.84580337501855, 118.30153992796707, 120.68317575704509, 117.35384685514929, 115.45504224613765, 113.33872288823916, 117.20390654515575, 121.63011482215693], "low": [100, 98.89449883574585, 103.91473541391704, 103.6241115255979, 110.34370051161525, 112.16991020082574, 110.89813233503011, 112.19911985917508, 110.82144164687853, 108.7064771344716, 108.55526961774044, 111.27335871232846], "close": [100, 104.76035151196669, 107.25648685680149, 110.51579343775444, 112.50009676462776, 118.02371852951718, 114.50970338933838, 113.14287349478826, 112.41682822030556, 112.22480688535512, 116.56296362306637, 120.07700621204344]}