{"X": [59, 60, 61, 62, 63, 64, 65, 66, 67, 68, 69, 70, 71, 72, 73, 74, 75, 76, 77, 78], "Y": [110.38194963480876, 108.30761263108533, 106.86736502171823, 108.4378350830553, 109.86897647256549, 111.77497618033752, 113.34420517349706, 114.46166149294154, 114.21046724559504, 113.24096063141438, 111.62596657920368, 112.46440819770595, 111.95924597628216, 113.15025196863441, 111.1842050462904, 109.4501344281981, 109.58197488416465, 107.41553671764906, 109.0362728420297, 107.83443158014167], "open": [108.61281530269065, 110.38194963480876, 108.30761263108533, 106.86736502171823, 108.4378350830553, 109.86897647256549, 111.77497618033752, 113.34420517349706, 114.46166149294154, 114.21046724559504, 113.24096063141438, 111.62596657920368, 112.46440819770595, 111.95924597628216, 113.15025196863441, 111.1842050462904, 109.4501344281981, 109.58197488416465, 107.41553671764906, 109.0362728420297], "high": [113.9891243804838, 115.14659909071456, 113.5359472112263, 109.43696303241974, 111.55645799685287, 114.86647003985792, 116.04049606319371, 116.28055980868672, 119.54492573860928, 114.48064777349191, 117.38348278157558, 116.23539231984378, 117.78207281518607, 118.15703895763767, 118.55461889728822, 112.42568424184346, 114.12140518507388, 112.97997671840291, 110.17295703848171, 110.6370162852637], "low": [104.91778627834198, 104.83836352590167, 104.98352681009554, 104.5057818244314, 104.62715427494973, 106.2080560977071, 110.31908562345932, 109.59275790020915, 110.10351017359224, 107.63754866396106, 111.20198211171562, 107.64313993042067, 107.07565057788945, 106.8179137291381, 109.30029686977738, 104.2554604283635, 108.75891324317806, 106.19161312483911, 104.74406017567654, 107.17460152086659], "close": [110.38194963480876, 108.30761263108533, 106.86736502171823, 108.4378350830553, 109.86897647256549, 111.77497618033752, 113.34420517349706, 114.46166149294154, 114.21046724559504, 113.24096063141438, 111.62596657920368, 112.46440819770595, 111.95924597628216, 113.15025196863441, 111.1842050462904, 109.4501344281981, 109.58197488416465, 107.41553671764906, 109.0362728420297, 107.83443158014167]}