{"X": [212, 213, 214, 215, 216, 217, 218, 219, 220, 221, 222, 223, 224, 225, 226, 227, 228, 229, 230, 231], "Y": [139.95920831194752, 140.48535523508704, 135.66688433399048, 132.78949478648195, 128.43025088156438, 134.24070339390713, 140.16963182848562, 133.94976505394075, 130.9045318666567, 136.28319230963234, 142.1838289487467, 137.0811421109061, 143.91377591345244, 146.1013335983328, 148.73092829525382, 144.70918079112525, 151.6517791629943, 149.7914934535896, 150.1071957734726, 155.76570970881573], "open": [140.1613391791864, 139.95920831194752, 140.48535523508704, 135.66688433399048, 132.78949478648195, 128.43025088156438, 134.24070339390713, 140.16963182848562, 133.94976505394075, 130.9045318666567, 136.28319230963234, 142.1838289487467, 137.0811421109061, 143.91377591345244, 146.1013335983328, 148.73092829525382, 144.70918079112525, 151.6517791629943, 149.7914934535896, 150.1071957734726], "high": [142.9074130595056, 146.08789930134793, 143.36858846028116, 137.86054423817575, 136.98440808125065, 139.8770161861676, 141.60541205964964, 145.00715946250563, 137.28580777109016, 140.5566631116821, 147.78047179461467, 143.63775939566403, 148.96066287999236, 150.80885441593358, 150.5213372297481, 152.85769864073228, 154.88844514743377, 156.24971676052684, 150.40027834907886, 159.52327407593515], "low": [134.85870655539506, 134.07980173833533, 129.051033599419, 126.67121264514185, 123.18771493239903, 127.75889205381168, 130.56915573928003, 132.80322504787875, 130.6685036752472, 127.12333991382258, 135.5757380809051, 134.32129064255068, 130.3609163811769, 137.72261819699483, 140.62580640017975, 142.02421820856665, 143.79662423894624, 148.4721769836518, 146.21363839966594, 146.844133750975], "close": [139.95920831194752, 140.48535523508704, 135.66688433399048, 132.78949478648195, 128.43025088156438, 134.24070339390713, 140.16963182848562, 133.94976505394075, 130.9045318666567, 136.28319230963234, 142.1838289487467, 137.0811421109061, 143.91377591345244, 146.1013335983328, 148.73092829525382, 144.70918079112525, 151.6517791629943, 149.7914934535896, 150.1071957734726, 155.76570970881573]}