{"X": [57, 58, 59, 60, 61, 62, 63, 64, 65, 66, 67, 68, 69, 70, 71, 72, 73, 74, 75, 76], "Y": [100.51754646766142, 103.36367651362374, 103.58767680591205, 98.96383739185433, 100.2874509761634, 98.57134619265292, 95.81417582228399, 94.658423118231, 93.48516880560071, 97.83740479716079, 100.91148274636446, 96.7435504075316, 92.3525957220165, 92.47322152681323, 88.86382632424312, 89.7416065561782, 87.84274022126945, 90.20693200001601, 91.61358968464396, 88.19995037145976], "open": [105.11970262288597, 100.51754646766142, 103.36367651362374, 103.58767680591205, 98.96383739185433, 100.2874509761634, 98.57134619265292, 95.81417582228399, 94.658423118231, 93.48516880560071, 97.83740479716079, 100.91148274636446, 96.7435504075316, 92.3525957220165, 92.47322152681323, 88.86382632424312, 89.7416065561782, 87.84274022126945, 90.20693200001601, 91.61358968464396], "high": [108.9240828017715, 108.08515328069812, 103.80560390060951, 107.63830310373865, 104.49648875995987, 104.86023110483355, 103.46057168022264, 98.19908024188773, 98.29149102165313, 98.52234857527789, 104.71252449388804, 101.05751540444072, 98.72898594874538, 92.87728753575531, 96.80028877095393, 92.23226219522034, 93.19779604731873, 90.93204735407228, 91.62412829950321, 93.28788373281517], "low": [97.7410882559686, 97.35688119950669, 101.10977328303883, 95.37459926918235, 96.99553790733029, 95.8665741062258, 95.73683942261168, 92.76440178218172, 91.56355884610649, 90.75845028893976, 94.07542373068901, 92.46022027910514, 88.38386614599085, 92.23987940288909, 88.15758425717696, 86.52457833442969, 86.32913945893408, 87.39401495355628, 88.07863818279193, 84.86739530908005], "close": [100.51754646766142, 103.36367651362374, 103.58767680591205, 98.96383739185433, 100.2874509761634, 98.57134619265292, 95.81417582228399, 94.658423118231, 93.48516880560071, 97.83740479716079, 100.91148274636446, 96.7435504075316, 92.3525957220165, 92.47322152681323, 88.86382632424312, 89.7416065561782, 87.84274022126945, 90.20693200001601, 91.61358968464396, 88.19995037145976]}