{"X": [1, 2, 3, 4, 5], "Y": [100, 101.97254211427477, 103.58428291698314, 105.84169205188877, 105.71162629336223], "open": [100, 100, 101.97254211427477, 103.58428291698314, 105.84169205188877], "high": [100, 106.4892658002107, 107.96612120458308, 108.0325674170122, 110.82821791462662], "low": [100, 97.96541762759516, 98.97027460100803, 103.05895985239516, 104.79435124364993], "close": [100, 101.97254211427477, 103.58428291698314, 105.84169205188877, 105.71162629336223]}