{"X": [6, 7, 8, 9, 10, 11, 12, 13, 14, 15, 16, 17, 18, 19, 20, 21, 22, 23, 24, 25], "Y": [94.56242906200171, 91.47127029063674, 87.36873009349131, 87.4179624314388, 91.67094058228828, 91.8472404152698, 95.09498707895878, 95.00144716705539, 97.39295953972652, 102.06666552935023, 102.47195878746136, 103.48264064767332, 104.51167668097779, 103.86606471298516, 107.95040746217508, 107.64870973844093, 111.86544626407203, 109.9070898217844, 109.65277297170682, 113.21165657019955], "open": [94.37779527118471, 94.56242906200171, 91.47127029063674, 87.36873009349131, 87.4179624314388, 91.67094058228828, 91.8472404152698, 95.09498707895878, 95.00144716705539, 97.39295953972652, 102.06666552935023, 102.47195878746136, 103.48264064767332, 104.51167668097779, 103.86606471298516, 107.95040746217508, 107.64870973844093, 111.86544626407203, 109.9070898217844, 109.65277297170682], "high": [97.18606482970289, 98.6954937061421, 92.48342174759817, 89.00258240574497, 92.1445518006968, 92.54381587251116, 96.33517402874966, 98.83737597768862, 99.5898546197821, 102.81566997640336, 106.70554543487827, 108.34290238845615, 106.12105974578762, 107.31029430942972, 108.99571497376905, 110.49644735072093, 113.484287841238, 116.98086317891484, 110.73253893835764, 115.70158239607922], "low": [93.12449408662876, 90.26140579523688, 85.77019737791989, 84.31948364924418, 85.01171535524928, 91.49180363721696, 89.70091732911489, 94.46063048467309, 91.47961699225154, 95.27511701858874, 97.01133283623759, 100.54407759108594, 100.77157695932831, 102.40182765549716, 98.91584639972648, 106.4902033106274, 107.17340721820752, 105.90873214232867, 107.58544844698665, 106.38725387178299], "close": [94.56242906200171, 91.47127029063674, 87.36873009349131, 87.4179624314388, 91.67094058228828, 91.8472404152698, 95.09498707895878, 95.00144716705539, 97.39295953972652, 102.06666552935023, 102.47195878746136, 103.48264064767332, 104.51167668097779, 103.86606471298516, 107.95040746217508, 107.64870973844093, 111.86544626407203, 109.9070898217844, 109.65277297170682, 113.21165657019955]}