{"X": [56, 57, 58, 59, 60, 61, 62, 63, 64, 65, 66, 67, 68, 69, 70, 71, 72, 73, 74, 75], "Y": [116.57131663679753, 114.91692150134642, 110.89074548832251, 114.32719434760205, 108.94460924521562, 103.78928060434657, 103.63770555300651, 100.13768433076072, 97.93720899175237, 97.70352889410105, 100.45752030189848, 98.12693410009906, 94.06056742791733, 97.90223007899681, 101.77884192567855, 103.56797676530378, 101.40372005948346, 102.24776295034891, 101.24683559623018, 105.80630417317225]}